{
  "studio/sanity.cli.ts": 1773919371.6368387,
  "studio/sanity.config.ts": 1773849556.157455,
  "studio/schemaTypes/category.ts": 1773849610.9598851,
  "studio/schemaTypes/author.ts": 1773832597.6864538,
  "studio/schemaTypes/blockContent.ts": 1773832597.6870844,
  "studio/schemaTypes/index.ts": 1773832597.6878908,
  "studio/schemaTypes/post.ts": 1773938441.4907758,
  "frontend/vite.config.js": 1773488962.866421,
  "frontend/eslint.config.js": 1771504990.513287,
  "frontend/src/router-utils.jsx": 1774439985.8828397,
  "frontend/src/main.jsx": 1773920942.060302,
  "frontend/src/App.jsx": 1775550292.514064,
  "frontend/src/sanityClient.js": 1773853063.2233672,
  "frontend/src/utils/calendar-utils.js": 1774623082.3357115,
  "frontend/src/screens/blog-index-screen.jsx": 1774135526.6939325,
  "frontend/src/screens/auth-screen.jsx": 1773970668.7874181,
  "frontend/src/screens/admin-dashboard-screen.jsx": 1774730838.0847764,
  "frontend/src/screens/landing-screen.jsx": 1774139979.8820693,
  "frontend/src/screens/about-screen.jsx": 1774349296.8690758,
  "frontend/src/screens/dashboard-screen.jsx": 1775758148.8893147,
  "frontend/src/screens/blog-post-screen.jsx": 1774349352.6146247,
  "frontend/src/screens/legal-screen.jsx": 1773939680.255063,
  "frontend/src/screens/public-rsvp-screen.jsx": 1775906226.7605236,
  "frontend/src/screens/admin/components/admin-analytics-widget.jsx": 1775722091.703013,
  "frontend/src/screens/dashboard/components/host-profile-view.jsx": 1774352624.301723,
  "frontend/src/screens/dashboard/components/guests-list-view.jsx": 1774441496.432717,
  "frontend/src/screens/dashboard/components/event-detail-view.jsx": 1775761721.7679658,
  "frontend/src/screens/dashboard/components/invitation-builder-view.jsx": 1774719667.747761,
  "frontend/src/screens/dashboard/components/guests-workspace-container.jsx": 1774441458.6722982,
  "frontend/src/screens/dashboard/components/invitations-list-view.jsx": 1774655077.026516,
  "frontend/src/screens/dashboard/components/event-builder-view.jsx": 1774288615.8435698,
  "frontend/src/screens/dashboard/components/host-plan-view.jsx": 1774051638.7218182,
  "frontend/src/screens/dashboard/components/events-list-view.jsx": 1774630755.1403365,
  "frontend/src/screens/dashboard/components/guest-groups-view.jsx": 1774619274.1973588,
  "frontend/src/screens/dashboard/components/guest-builder-view.jsx": 1774709635.8889163,
  "frontend/src/screens/dashboard/components/guest-detail-view.jsx": 1774703360.140475,
  "frontend/src/screens/dashboard/components/events-workspace-container.jsx": 1773740408.0332305,
  "frontend/src/screens/dashboard/components/invitations-workspace-container.jsx": 1773661798.1145685,
  "frontend/src/screens/dashboard/components/dashboard-modals.jsx": 1773792162.9784968,
  "frontend/src/screens/dashboard/components/event-planner-context-modal.jsx": 1774051622.1456091,
  "frontend/src/screens/dashboard/components/ui/magic-card.jsx": 1773658151.5547354,
  "frontend/src/screens/dashboard/components/modals/global-share-confirm-modal.jsx": 1774021831.812449,
  "frontend/src/screens/dashboard/components/modals/low-confidence-merge-review-modal.jsx": 1774021857.936,
  "frontend/src/screens/dashboard/components/modals/import-contacts-wizard-modal.jsx": 1774051637.5180995,
  "frontend/src/screens/dashboard/components/modals/guest-merge-modal.jsx": 1774023727.4099712,
  "frontend/src/screens/dashboard/components/modals/delete-confirm-modal.jsx": 1773494173.5316594,
  "frontend/src/components/icons.jsx": 1774348141.45426,
  "frontend/src/components/controls.jsx": 1774051526.207934,
  "frontend/src/components/field-meta.jsx": 1771509837.1438136,
  "frontend/src/components/global-footer.jsx": 1774135536.7753866,
  "frontend/src/components/BlogList.jsx": 1773836113.8797722,
  "frontend/src/components/ai-loader.jsx": 1774373704.9220932,
  "frontend/src/components/inline-message.jsx": 1771509831.4975863,
  "frontend/src/components/brand-mark.jsx": 1771613859.4968195,
  "frontend/src/components/seo.jsx": 1773941400.349736,
  "frontend/src/components/avatar-circle.jsx": 1773332347.952259,
  "frontend/src/components/maps/geo-points-map-panel.jsx": 1773493557.4801614,
  "frontend/src/components/forms/multi-select-field.jsx": 1774703319.7831805,
  "frontend/src/components/layout/DashboardLayout.jsx": 1774049559.608585,
  "frontend/src/components/spotify/spotify-guest-widget.jsx": 1775722106.695919,
  "frontend/src/components/dashboard/DashboardOverview.jsx": 1774291832.4528956,
  "frontend/src/components/dashboard/HostChecklistCard.jsx": 1774023222.954989,
  "frontend/src/components/venues/host-venue-selector.jsx": 1775758188.1609118,
  "frontend/src/components/venues/host-venue-shortlist.jsx": 1775659629.1911368,
  "frontend/src/components/venues/guest-venue-voting.jsx": 1775758170.1217806,
  "frontend/src/components/events/photo-gallery-preview.jsx": 1775760741.4178362,
  "frontend/src/components/events/ShareCard.jsx": 1774130286.7787044,
  "frontend/src/hooks/useGlobalProfileData.js": 1773508788.079859,
  "frontend/src/hooks/useImportWizardState.js": 1773358789.5092406,
  "frontend/src/hooks/useDashboardHeaderState.js": 1774440135.139852,
  "frontend/src/hooks/useDashboardNavigationState.js": 1773519859.0789049,
  "frontend/src/hooks/useDashboardDataController.js": 1775759002.444638,
  "frontend/src/hooks/useEventPlannerState.js": 1774019324.9221368,
  "frontend/src/hooks/useImportWizardController.js": 1773496414.8818088,
  "frontend/src/hooks/useHostProfileGlobalShareController.js": 1774346624.7624302,
  "frontend/src/lib/constants.js": 1774440017.0256991,
  "frontend/src/lib/host-plan.js": 1772656638.1319966,
  "frontend/src/lib/google-maps.js": 1773350263.505521,
  "frontend/src/lib/guest-helpers.js": 1773357828.4735806,
  "frontend/src/lib/app-url.js": 1771836201.836769,
  "frontend/src/lib/google-contacts.js": 1772732829.2620757,
  "frontend/src/lib/formatters.js": 1774296759.7235093,
  "frontend/src/lib/system-helpers.js": 1773358623.1808445,
  "frontend/src/lib/event-planner-helpers.js": 1773167409.1479475,
  "frontend/src/lib/validation.js": 1771630888.128892,
  "frontend/src/lib/supabaseClient.js": 1771503134.2960372,
  "frontend/src/lib/guest-catalogs.js": 1772627928.140167,
  "frontend/src/lib/ai-planner-client.js": 1775722072.1485932,
  "frontend/src/lib/contact-import.js": 1772732808.6778724,
  "frontend/src/lib/hosting-suggestions.js": 1772637357.7809453,
  "backend/test-ga4.js": 1774727140.6931207,
  "backend/src/server.js": 1775648945.8063514,
  "backend/src/middleware/auth-middleware.js": 1775648196.3510382,
  "backend/src/middleware/admin-auth-middleware.js": 1774726225.157563,
  "backend/src/routes/spotify-routes.js": 1775753625.5296261,
  "backend/src/routes/admin-analytics-route.js": 1774731588.4590893,
  "backend/src/routes/ai-planner-route.js": 1774656054.588778,
  "backend/src/routes/venue-routes.js": 1775659549.899505,
  "backend/src/services/google-analytics-service.js": 1774735401.6197345,
  "backend/src/services/spotify-service.js": 1775753601.242762,
  "backend/src/services/search-console-service.js": 1774735429.9122484,
  "backend/src/services/venue-service.js": 1775659517.0109289,
  "api/index.js": 1773821078.5385396,
  "README.md": 1774656126.646315,
  "GEO-AUDIT-REPORT.md": 1774085894.2252464,
  "design/pencil/PLAN-host-planner.md": 1771972271.429329,
  "design/pencil/PLAN.md": 1771936514.0637407,
  "studio/README.md": 1773832597.6859148,
  "frontend/public/llms.txt": 1774086681.5986612,
  "frontend/public/robots.txt": 1774086427.652765,
  "frontend/public/brand/README.md": 1771613893.5198135,
  "docs/mvp-strategy.md": 1771926574.0326939,
  "docs/security-audit-2026-03-28.md": 1774656997.394479,
  "docs/gdpr-contact-policy-notes.md": 1771723999.9740279,
  "docs/shared-guest-profile-strategy.md": 1771723980.0505414,
  "docs/internal/CLAUDE.md": 1774017364.6614735,